MODEL,R2,RMSE,MAE,MAPE,MedAE
IMAGE,-0.06741245126301587,64.20350790624178,19.458765071896796,117.04804430580099,4.583214492797851
STRUCTURED,0.1146167815996002,58.47338937475423,14.506238350227791,50.176875999592376,2.807232656478882
COMBINED,0.119036437955503,58.3272630422801,13.029480726411368,17.015327959833055,1.5459929037094116
MEAN,-0.00012032449568311065,62.14679719562398,23.758395164296672,224.61650438245348,14.52262033478799
