MODEL,R2,RMSE,MAE,MAPE,MedAE
IMAGE,-0.042114685672321794,63.43813155242675,16.08941144788994,54.70511553879784,1.5150203520059586
STRUCTURED,0.3008355550064261,51.9615733353469,10.845114688914508,0.9178929018698131,0.04560863196849824
COMBINED,0.10417047603073804,58.81733067066061,12.184608837951053,0.9104548293257685,0.05233053416013718
MEAN,-0.049886475188448465,63.674243762323414,13.879922673424495,0.6780602932174395,0.058868968626776014
